file,has_player,has_enemy,solvable,wall_ratio,interior_wall_density,walkable_cells,reachable_ratio,shortest_path_length,path_norm,dead_end_ratio,branching_ratio,leniency,astar_difficulty,difficulty_score,score_tier,range_tier,percentile_tier
pcgnn_000.txt,False,False,False,0.3163265306122449,0.3194444444444444,134,1.0,0,0.0,0.04477611940298507,0.5,0.0,1.0,0.25385318306427046,easy,unclassified,medium
pcgnn_001.txt,False,False,False,0.34183673469387754,0.3333333333333333,129,0.8449612403100775,0,0.0,0.09302325581395349,0.4496124031007752,0.0,1.0,0.27115567157095394,easy,unclassified,hard
pcgnn_002.txt,True,True,True,0.14795918367346939,0.18055555555555555,167,1.0,26,0.9285714285714286,0.0,0.7964071856287425,1.0,0.8383233532934131,0.4951362580960528,medium,unclassified,hard
pcgnn_003.txt,True,True,True,0.32653061224489793,0.3680555555555556,132,1.0,26,0.9285714285714286,0.05303030303030303,0.3939393939393939,0.9629629629629629,0.7954545454545454,0.5528834260977118,medium,unclassified,hard
pcgnn_004.txt,False,False,False,0.37244897959183676,0.3958333333333333,123,1.0,0,0.0,0.08130081300813008,0.37398373983739835,0.0,1.0,0.27799485647917704,easy,unclassified,hard
pcgnn_005.txt,True,True,True,0.30612244897959184,0.3472222222222222,136,0.9779411764705882,26,0.9285714285714286,0.03676470588235294,0.4411764705882353,1.0,0.7794117647058824,0.5411014405762304,medium,unclassified,hard
pcgnn_006.txt,True,True,True,0.2755102040816326,0.2847222222222222,142,0.9859154929577465,26,0.9285714285714286,0.04929577464788732,0.5915492957746479,0.9259259259259259,0.795774647887324,0.5368784133371658,medium,unclassified,hard
pcgnn_007.txt,False,False,False,0.39285714285714285,0.3958333333333333,119,0.8991596638655462,0,0.0,0.1092436974789916,0.2773109243697479,0.0,1.0,0.28970588235294115,easy,unclassified,hard
pcgnn_008.txt,True,True,True,0.3622448979591837,0.4375,125,1.0,26,0.9285714285714286,0.04,0.28,1.0,0.424,0.5052734693877551,medium,unclassified,hard
pcgnn_009.txt,True,True,True,0.29591836734693877,0.3055555555555556,138,0.9855072463768116,26,0.9285714285714286,0.050724637681159424,0.5579710144927537,1.0,0.7898550724637681,0.5423986986098788,medium,unclassified,hard
pcgnn_010.txt,True,True,True,0.3010204081632653,0.3194444444444444,137,1.0,26,0.9285714285714286,0.06569343065693431,0.5036496350364964,0.9259259259259259,0.8029197080291971,0.548882764784746,medium,unclassified,hard
pcgnn_011.txt,False,False,False,0.2755102040816326,0.2916666666666667,142,0.9859154929577465,0,0.0,0.035211267605633804,0.6056338028169014,0.0,1.0,0.23969531474561656,easy,unclassified,easy
pcgnn_012.txt,True,True,True,0.3622448979591837,0.3958333333333333,125,0.896,26,0.9285714285714286,0.104,0.336,0.9259259259259259,0.68,0.5564734693877551,medium,unclassified,hard
pcgnn_013.txt,True,True,True,0.23979591836734693,0.2986111111111111,149,1.0,26,0.9285714285714286,0.006711409395973154,0.6040268456375839,1.0,0.8187919463087249,0.5210998493357074,medium,unclassified,hard
pcgnn_014.txt,True,True,True,0.3673469387755102,0.3888888888888889,124,0.9354838709677419,26,0.9285714285714286,0.08064516129032258,0.31451612903225806,0.9259259259259259,0.717741935483871,0.5589944042132982,medium,unclassified,hard
pcgnn_015.txt,True,True,True,0.3979591836734694,0.4027777777777778,118,0.9067796610169492,30,1.0714285714285714,0.11016949152542373,0.3135593220338983,0.9354838709677419,0.4152542372881356,0.5537097890003458,medium,unclassified,hard
pcgnn_016.txt,True,True,True,0.2193877551020408,0.25,153,1.0,26,0.9285714285714286,0.026143790849673203,0.6797385620915033,0.9629629629629629,0.8235294117647058,0.5195744964652528,medium,unclassified,hard
pcgnn_017.txt,False,False,False,0.28061224489795916,0.3194444444444444,141,0.9361702127659575,0,0.0,0.02127659574468085,0.6028368794326241,0.0,1.0,0.2384389926183239,easy,unclassified,easy
pcgnn_018.txt,True,True,True,0.37755102040816324,0.3958333333333333,122,1.0,26,0.9285714285714286,0.10655737704918032,0.3114754098360656,0.9259259259259259,0.6721311475409836,0.5603964536634326,medium,unclassified,hard
pcgnn_019.txt,False,False,False,0.2653061224489796,0.2777777777777778,144,0.9861111111111112,0,0.0,0.04861111111111111,0.6041666666666666,0.0,1.0,0.2393140589569161,easy,unclassified,easy
pcgnn_020.txt,True,True,True,0.37244897959183676,0.3680555555555556,123,0.983739837398374,26,0.9285714285714286,0.08943089430894309,0.36585365853658536,0.9259259259259259,0.6504065040650406,0.5521818483490958,medium,unclassified,hard
pcgnn_021.txt,True,True,True,0.3826530612244898,0.4166666666666667,121,0.9752066115702479,26,0.9285714285714286,0.0743801652892562,0.2975206611570248,1.0,0.7520661157024794,0.56748186878057,medium,unclassified,hard
pcgnn_022.txt,True,True,False,0.4030612244897959,0.4305555555555556,117,0.6068376068376068,0,0.0,0.06837606837606838,0.2222222222222222,0.0,1.0,0.28459358102215243,easy,unclassified,hard
pcgnn_023.txt,True,True,True,0.2653061224489796,0.2708333333333333,144,0.9861111111111112,26,0.9285714285714286,0.05555555555555555,0.6041666666666666,0.9259259259259259,0.7986111111111112,0.5354946145124717,medium,unclassified,hard
pcgnn_024.txt,False,False,False,0.23979591836734693,0.2569444444444444,149,1.0,0,0.0,0.026845637583892617,0.6644295302013423,0.0,1.0,0.2273079030269826,easy,unclassified,easy
pcgnn_025.txt,True,True,True,0.23469387755102042,0.2638888888888889,150,1.0,26,0.9285714285714286,0.03333333333333333,0.6466666666666666,0.9629629629629629,0.82,0.5250748299319727,medium,unclassified,hard
pcgnn_026.txt,True,True,True,0.37755102040816324,0.4097222222222222,122,0.9590163934426229,26,0.9285714285714286,0.06557377049180328,0.26229508196721313,0.9259259259259259,0.4918032786885246,0.5251505520240883,medium,unclassified,hard
pcgnn_027.txt,True,True,True,0.2193877551020408,0.2222222222222222,153,1.0,26,0.9285714285714286,0.0196078431372549,0.7124183006535948,1.0,0.8235294117647058,0.5182673069227691,medium,unclassified,hard
pcgnn_028.txt,True,True,True,0.33163265306122447,0.3402777777777778,131,1.0,26,0.9285714285714286,0.05343511450381679,0.4198473282442748,0.9259259259259259,0.7938931297709924,0.5542607882847795,medium,unclassified,hard
pcgnn_029.txt,True,True,True,0.2755102040816326,0.2708333333333333,142,0.9929577464788732,26,0.9285714285714286,0.06338028169014084,0.5915492957746479,1.0,0.8028169014084507,0.5407516527737856,medium,unclassified,hard
pcgnn_030.txt,True,True,True,0.2653061224489796,0.2708333333333333,144,1.0,26,0.9285714285714286,0.04861111111111111,0.6319444444444444,0.9629629629629629,0.8125,0.5361890589569162,medium,unclassified,hard
pcgnn_031.txt,False,False,False,0.44387755102040816,0.4375,109,0.7431192660550459,0,0.0,0.13761467889908258,0.1926605504587156,0.0,1.0,0.3106862010859389,easy,unclassified,hard
pcgnn_032.txt,False,False,False,0.42857142857142855,0.4236111111111111,112,0.49107142857142855,0,0.0,0.10714285714285714,0.22321428571428573,0.0,1.0,0.3,easy,unclassified,hard
pcgnn_033.txt,False,False,False,0.29591836734693877,0.2847222222222222,138,0.9927536231884058,0,0.0,0.06521739130434782,0.5434782608695652,0.0,1.0,0.2518189884649512,easy,unclassified,medium
pcgnn_034.txt,False,False,False,0.41836734693877553,0.4166666666666667,114,0.8947368421052632,0,0.0,0.11403508771929824,0.22807017543859648,0.0,1.0,0.29831722162549235,easy,unclassified,hard
pcgnn_035.txt,True,True,True,0.21428571428571427,0.22916666666666666,154,1.0,26,0.9285714285714286,0.01948051948051948,0.6883116883116883,1.0,0.8246753246753247,0.5168831168831169,medium,unclassified,hard
pcgnn_036.txt,True,True,True,0.21428571428571427,0.25,154,1.0,26,0.9285714285714286,0.025974025974025976,0.6883116883116883,0.9629629629629629,0.8246753246753247,0.5181818181818182,medium,unclassified,hard
pcgnn_037.txt,True,True,True,0.3010204081632653,0.3055555555555556,137,1.0,26,0.9285714285714286,0.051094890510948905,0.5912408759124088,0.9259259259259259,0.6277372262773723,0.5196856844927752,medium,unclassified,hard
pcgnn_038.txt,True,True,True,0.33163265306122447,0.3472222222222222,131,1.0,26,0.9285714285714286,0.03816793893129771,0.4580152671755725,0.9259259259259259,0.7862595419847328,0.5500623150023368,medium,unclassified,hard
pcgnn_039.txt,True,True,True,0.19387755102040816,0.2152777777777778,158,1.0,26,0.9285714285714286,0.03164556962025317,0.7848101265822784,0.9629629629629629,0.8291139240506329,0.5138594678377679,medium,unclassified,hard
pcgnn_040.txt,True,True,True,0.3877551020408163,0.4027777777777778,120,1.0,26,0.9285714285714286,0.075,0.25833333333333336,0.9629629629629629,0.7583333333333333,0.570076530612245,medium,unclassified,hard
pcgnn_041.txt,True,True,True,0.29591836734693877,0.2847222222222222,138,0.9130434782608695,26,0.9285714285714286,0.050724637681159424,0.5072463768115942,0.9629629629629629,0.717391304347826,0.5315291333924874,medium,unclassified,hard
pcgnn_042.txt,True,True,True,0.3010204081632653,0.2986111111111111,137,0.9708029197080292,26,0.9285714285714286,0.072992700729927,0.5693430656934306,0.9259259259259259,0.7737226277372263,0.5459630567555489,medium,unclassified,hard
pcgnn_043.txt,True,True,True,0.20408163265306123,0.22916666666666666,156,1.0,26,0.9285714285714286,0.02564102564102564,0.7307692307692307,0.9259259259259259,0.8269230769230769,0.515391156462585,medium,unclassified,hard
pcgnn_044.txt,True,True,True,0.413265306122449,0.4097222222222222,115,0.8608695652173913,26,0.9285714285714286,0.0782608695652174,0.2608695652173913,0.9259259259259259,0.3130434782608696,0.5115882874889086,medium,unclassified,hard
pcgnn_045.txt,True,True,False,0.4336734693877551,0.4375,111,0.5495495495495496,0,0.0,0.0990990990990991,0.17117117117117117,0.0,1.0,0.29992186063614634,easy,unclassified,hard
pcgnn_046.txt,True,True,True,0.42346938775510207,0.4236111111111111,113,0.9292035398230089,26,0.9285714285714286,0.12389380530973451,0.23008849557522124,0.9259259259259259,0.6814159292035398,0.5790319667690085,medium,unclassified,hard
pcgnn_047.txt,False,False,False,0.42346938775510207,0.4166666666666667,113,0.4778761061946903,0,0.0,0.10619469026548672,0.26548672566371684,0.0,1.0,0.29827975437962795,easy,unclassified,hard
pcgnn_048.txt,True,True,True,0.413265306122449,0.4027777777777778,115,0.7217391304347827,26,0.9285714285714286,0.10434782608695652,0.28695652173913044,0.9629629629629629,0.48695652173913045,0.5428926353149955,medium,unclassified,hard
pcgnn_049.txt,True,True,True,0.2193877551020408,0.24305555555555555,153,1.0,26,0.9285714285714286,0.0457516339869281,0.7058823529411765,0.9629629629629629,0.8235294117647058,0.5234960650927037,medium,unclassified,hard
pcgnn_050.txt,True,True,True,0.2755102040816326,0.2986111111111111,142,0.9859154929577465,26,0.9285714285714286,0.035211267605633804,0.5492957746478874,1.0,0.7746478873239436,0.5308924978442081,medium,unclassified,hard
pcgnn_051.txt,True,True,True,0.25,0.25,147,0.9863945578231292,26,0.9285714285714286,0.06802721088435375,0.6666666666666666,0.9259259259259259,0.7414965986394558,0.5248299319727892,medium,unclassified,hard
pcgnn_052.txt,True,True,True,0.3622448979591837,0.3541666666666667,125,0.984,26,0.9285714285714286,0.088,0.4,0.9259259259259259,0.672,0.5520734693877551,medium,unclassified,hard
pcgnn_053.txt,True,True,True,0.22448979591836735,0.25,152,1.0,26,0.9285714285714286,0.02631578947368421,0.631578947368421,0.9629629629629629,0.8223684210526315,0.5209653598281417,medium,unclassified,hard
pcgnn_054.txt,False,False,False,0.39285714285714285,0.3958333333333333,119,0.907563025210084,0,0.0,0.11764705882352941,0.2605042016806723,0.0,1.0,0.2913865546218487,easy,unclassified,hard
pcgnn_055.txt,True,True,True,0.23979591836734693,0.2638888888888889,149,1.0,26,0.9285714285714286,0.04697986577181208,0.6711409395973155,0.9629629629629629,0.8187919463087249,0.5291535406108752,medium,unclassified,hard
pcgnn_056.txt,True,True,True,0.39285714285714285,0.4097222222222222,119,0.7394957983193278,30,1.0714285714285714,0.10084033613445378,0.3025210084033613,0.9354838709677419,0.37815126050420167,0.5447478991596638,medium,unclassified,hard
pcgnn_057.txt,False,False,False,0.3520408163265306,0.3541666666666667,127,1.0,0,0.0,0.06299212598425197,0.3464566929133858,0.0,1.0,0.2682106700948096,easy,unclassified,medium
pcgnn_058.txt,True,True,True,0.2193877551020408,0.2361111111111111,153,1.0,26,0.9285714285714286,0.013071895424836602,0.6470588235294118,0.9629629629629629,0.8235294117647058,0.5169601173802855,medium,unclassified,hard
pcgnn_059.txt,True,True,True,0.18877551020408162,0.19444444444444445,159,1.0,26,0.9285714285714286,0.025157232704402517,0.7295597484276729,1.0,0.8301886792452831,0.5111924014888974,medium,unclassified,hard
pcgnn_060.txt,True,True,True,0.25,0.2222222222222222,147,0.9931972789115646,26,0.9285714285714286,0.061224489795918366,0.6462585034013606,0.9629629629629629,0.8095238095238095,0.5336734693877551,medium,unclassified,hard
pcgnn_061.txt,True,True,True,0.22448979591836735,0.2777777777777778,152,1.0,26,0.9285714285714286,0.019736842105263157,0.6644736842105263,0.9629629629629629,0.8223684210526315,0.5196495703544576,medium,unclassified,hard
pcgnn_062.txt,True,True,True,0.2755102040816326,0.2916666666666667,142,1.0,26,0.9285714285714286,0.056338028169014086,0.5915492957746479,0.9629629629629629,0.8098591549295775,0.5403995400977293,medium,unclassified,hard
pcgnn_063.txt,True,True,True,0.413265306122449,0.4375,115,0.782608695652174,26,0.9285714285714286,0.09565217391304348,0.21739130434782608,0.9629629629629629,0.4608695652173913,0.537240461401952,medium,unclassified,hard
pcgnn_064.txt,True,True,True,0.22959183673469388,0.2361111111111111,151,1.0,26,0.9285714285714286,0.039735099337748346,0.6423841059602649,0.9259259259259259,0.8211920529801324,0.5250033788349777,medium,unclassified,hard
pcgnn_065.txt,False,False,False,0.25,0.2569444444444444,147,0.9591836734693877,0,0.0,0.04081632653061224,0.6530612244897959,0.0,1.0,0.23316326530612244,easy,unclassified,easy
pcgnn_066.txt,True,True,True,0.19387755102040816,0.20833333333333334,158,1.0,26,0.9285714285714286,0.0189873417721519,0.759493670886076,0.9629629629629629,0.8291139240506329,0.5113278222681478,medium,unclassified,hard
pcgnn_067.txt,True,True,True,0.35714285714285715,0.3888888888888889,126,1.0,26,0.9285714285714286,0.05555555555555555,0.3253968253968254,1.0,0.6904761904761905,0.5468253968253969,medium,unclassified,hard
pcgnn_068.txt,False,False,False,0.4387755102040816,0.4166666666666667,110,0.9,0,0.0,0.1,0.22727272727272727,0.0,1.0,0.30163265306122444,easy,unclassified,hard
pcgnn_069.txt,True,True,True,0.3877551020408163,0.3819444444444444,120,0.6833333333333333,26,0.9285714285714286,0.1,0.30833333333333335,0.9629629629629629,0.4583333333333333,0.5300765306122449,medium,unclassified,hard
pcgnn_070.txt,True,True,True,0.21428571428571427,0.2152777777777778,154,0.9935064935064936,26,0.9285714285714286,0.03896103896103896,0.7012987012987013,0.9259259259259259,0.8181818181818182,0.5198051948051948,medium,unclassified,hard
pcgnn_071.txt,True,True,True,0.23979591836734693,0.2222222222222222,149,1.0,26,0.9285714285714286,0.053691275167785234,0.7181208053691275,0.9629629629629629,0.8187919463087249,0.5304958224900699,medium,unclassified,hard
pcgnn_072.txt,True,True,True,0.35714285714285715,0.3819444444444444,126,1.0,26,0.9285714285714286,0.05555555555555555,0.373015873015873,0.9629629629629629,0.7857142857142857,0.5611111111111111,medium,unclassified,hard
pcgnn_073.txt,True,True,True,0.3520408163265306,0.375,127,1.0,26,0.9285714285714286,0.07874015748031496,0.4330708661417323,0.9629629629629629,0.7874015748031497,0.5644705126144947,medium,unclassified,hard
pcgnn_074.txt,True,True,True,0.29591836734693877,0.2777777777777778,138,1.0,26,0.9285714285714286,0.050724637681159424,0.5434782608695652,0.9259259259259259,0.8043478260869565,0.544572611653357,medium,unclassified,hard
pcgnn_075.txt,True,True,True,0.2653061224489796,0.2777777777777778,144,1.0,26,0.9285714285714286,0.034722222222222224,0.5486111111111112,1.0,0.8125,0.5334112811791383,medium,unclassified,hard
pcgnn_076.txt,True,True,True,0.22959183673469388,0.2708333333333333,151,1.0,26,0.9285714285714286,0.026490066225165563,0.6556291390728477,0.9259259259259259,0.8211920529801324,0.5223543722124611,medium,unclassified,hard
pcgnn_077.txt,True,True,True,0.40816326530612246,0.4513888888888889,116,0.8793103448275862,26,0.9285714285714286,0.09482758620689655,0.1810344827586207,0.9629629629629629,0.3706896551724138,0.5220179451090781,medium,unclassified,hard
pcgnn_078.txt,True,True,True,0.33163265306122447,0.3402777777777778,131,1.0,26,0.9285714285714286,0.06870229007633588,0.42748091603053434,0.9629629629629629,0.7938931297709924,0.5573142233992834,medium,unclassified,hard
pcgnn_079.txt,False,False,False,0.41836734693877553,0.4305555555555556,114,0.9824561403508771,0,0.0,0.09649122807017543,0.23684210526315788,0.0,1.0,0.2948084496956678,easy,unclassified,hard
pcgnn_080.txt,True,True,True,0.1989795918367347,0.2222222222222222,157,1.0,26,0.9285714285714286,0.025477707006369428,0.7643312101910829,0.9629629629629629,0.8280254777070064,0.5139932406083453,medium,unclassified,hard
pcgnn_081.txt,True,True,True,0.3469387755102041,0.4027777777777778,128,1.0,26,0.9285714285714286,0.0390625,0.3984375,0.9629629629629629,0.7890625,0.5552535076530611,medium,unclassified,hard
pcgnn_082.txt,True,True,True,0.1377551020408163,0.14583333333333334,169,1.0,26,0.9285714285714286,0.011834319526627219,0.8757396449704142,0.9629629629629629,0.8402366863905325,0.49472889747615023,medium,unclassified,hard
pcgnn_083.txt,True,True,True,0.21428571428571427,0.2569444444444444,154,1.0,26,0.9285714285714286,0.01948051948051948,0.6883116883116883,1.0,0.8246753246753247,0.5168831168831169,medium,unclassified,hard
pcgnn_084.txt,True,True,True,0.23469387755102042,0.2569444444444444,150,1.0,26,0.9285714285714286,0.02666666666666667,0.6466666666666666,1.0,0.82,0.5237414965986394,medium,unclassified,hard
pcgnn_085.txt,True,True,True,0.2602040816326531,0.2361111111111111,145,1.0,26,0.9285714285714286,0.05517241379310345,0.6137931034482759,0.9629629629629629,0.8137931034482758,0.5361646727656579,medium,unclassified,hard
pcgnn_086.txt,False,False,False,0.32653061224489793,0.3333333333333333,132,0.946969696969697,0,0.0,0.09090909090909091,0.45454545454545453,0.0,1.0,0.26614100185528755,easy,unclassified,medium
pcgnn_087.txt,False,False,False,0.28061224489795916,0.2708333333333333,141,1.0,0,0.0,0.04964539007092199,0.624113475177305,0.0,1.0,0.24411275148357214,easy,unclassified,medium
pcgnn_088.txt,True,True,True,0.34183673469387754,0.3611111111111111,129,0.9147286821705426,26,0.9285714285714286,0.07751937984496124,0.4728682170542636,0.9629629629629629,0.7054263565891473,0.5488688498655276,medium,unclassified,hard
pcgnn_089.txt,False,False,False,0.4030612244897959,0.3958333333333333,117,0.8803418803418803,0,0.0,0.08547008547008547,0.3504273504273504,0.0,1.0,0.2880123844409559,easy,unclassified,hard
pcgnn_090.txt,True,True,True,0.37755102040816324,0.3958333333333333,122,0.9344262295081968,26,0.9285714285714286,0.09836065573770492,0.319672131147541,0.9629629629629629,0.7131147540983607,0.564904650384744,medium,unclassified,hard
pcgnn_091.txt,True,True,True,0.22959183673469388,0.2638888888888889,151,1.0,26,0.9285714285714286,0.019867549668874173,0.7019867549668874,0.9629629629629629,0.8211920529801324,0.5210298689012028,medium,unclassified,hard
pcgnn_092.txt,True,True,True,0.34183673469387754,0.375,129,1.0,26,0.9285714285714286,0.05426356589147287,0.4186046511627907,0.9629629629629629,0.7906976744186046,0.5570083847492485,medium,unclassified,hard
pcgnn_093.txt,True,True,False,0.4489795918367347,0.4652777777777778,108,0.5370370370370371,0,0.0,0.12037037037037036,0.10185185185185185,0.0,1.0,0.3087679516250945,easy,unclassified,hard
pcgnn_094.txt,True,True,True,0.3010204081632653,0.3263888888888889,137,1.0,26,0.9285714285714286,0.051094890510948905,0.5328467153284672,0.9629629629629629,0.8029197080291971,0.5459630567555489,medium,unclassified,hard
pcgnn_095.txt,True,True,True,0.1989795918367347,0.20833333333333334,157,1.0,26,0.9285714285714286,0.025477707006369428,0.7006369426751592,1.0,0.8280254777070064,0.5139932406083453,medium,unclassified,hard
pcgnn_096.txt,True,True,True,0.4030612244897959,0.4375,117,0.8888888888888888,26,0.9285714285714286,0.10256410256410256,0.26495726495726496,0.9259259259259259,0.6581196581196581,0.565149136577708,medium,unclassified,hard
pcgnn_097.txt,True,True,True,0.16326530612244897,0.16666666666666666,164,1.0,26,0.9285714285714286,0.018292682926829267,0.774390243902439,1.0,0.8353658536585366,0.5029430064708811,medium,unclassified,hard
pcgnn_098.txt,True,True,True,0.3826530612244898,0.375,121,0.8842975206611571,26,0.9285714285714286,0.09090909090909091,0.36363636363636365,0.9259259259259259,0.6611570247933884,0.5571512902681734,medium,unclassified,hard
pcgnn_099.txt,True,True,True,0.4336734693877551,0.4236111111111111,111,0.8468468468468469,26,0.9285714285714286,0.0990990990990991,0.1981981981981982,0.9259259259259259,0.2882882882882883,0.5181651038793896,medium,unclassified,hard
